DMU,GProd,EC,TC,IME,SEC
1,0.489251445201451,0.666666666666667,1,0.933534832077431,0.786127247302654
2,1.26601734122729,0.999999999999999,1.18321595661992,0.96065743193378,1.11379968231181
3,1.31159274417091,1,1,1.25350308888272,1.04634185252784
4,1.98216762417882,2,1,0.770053162776155,1.28703297382275
5,0.458740398038661,0.666666666666666,1.03279555898865,0.785161332777407,0.848564738067018
